name,province
Huyện A Lưới,Thừa Thiên - Huế
Huyện An Biên,Kiên Giang
Huyện An Dương,Hải Phòng
Thị xã An Khê,Gia Lai
Huyện An Lão,Hải Phòng
Huyện An Lão,Bình Định
Huyện An Minh,Kiên Giang
Thị xã An Nhơn,Bình Định
Huyện An Phú,An Giang
Huyện Anh Sơn,Nghệ An
Thị xã Ayun Pa,Gia Lai
Huyện Ân Thi,Hưng Yên
Huyện Ba Bể,Bắc Kạn
Huyện Ba Chẽ,Quảng Ninh
Quận Ba Đình,Hà Nội
Thị xã Ba Đồn,Quảng Bình
Huyện Ba Tơ,Quảng Ngãi
Huyện Ba Tri,Bến Tre
Huyện Ba Vì,Hà Nội
Thành phố Bà Rịa,Bà Rịa - Vũng Tàu
Huyện Bá Thước,Thanh Hóa
Huyện Bác Ái,Ninh Thuận
Thành phố Bạc Liêu,Bạc Liêu
Huyện Bạch Long Vĩ,Hải Phòng
Huyện Bạch Thông,Bắc Kạn
Huyện Bảo Lạc,Cao Bằng
Huyện Bảo Lâm,Cao Bằng
Huyện Bảo Lâm,Lâm Đồng
Thành phố Bảo Lộc,Lâm Đồng
Huyện Bảo Thắng,Lào Cai
Huyện Bảo Yên,Lào Cai
Huyện Bát Xát,Lào Cai
Huyện Bàu Bàng,Bình Dương
Huyện Bắc Bình,Bình Thuận
Thành phố Bắc Giang,Bắc Giang
Huyện Bắc Hà,Lào Cai
Thành phố Bắc Kạn,Bắc Kạn
Huyện Bắc Mê,Hà Giang
Thành phố Bắc Ninh,Bắc Ninh
Huyện Bắc Quang,Hà Giang
Huyện Bắc Sơn,Lạng Sơn
Huyện Bắc Tân Uyên,Bình Dương
Huyện Bắc Trà My,Quảng Nam
Quận Bắc Từ Liêm,Hà Nội
Huyện Bắc Yên,Sơn La
Thị xã Bến Cát,Bình Dương
Huyện Bến Cầu,Tây Ninh
Huyện Bến Lức,Long An
Thành phố Bến Tre,Bến Tre
Thành phố Biên Hòa,Đồng Nai
Thị xã Bỉm Sơn,Thanh Hóa
Huyện Bình Chánh,TP Hồ Chí Minh
Huyện Bình Đại,Bến Tre
Huyện Bình Gia,Lạng Sơn
Huyện Bình Giang,Hải Dương
Huyện Bình Liêu,Quảng Ninh
Thị xã Bình Long,Bình Phước
Huyện Bình Lục,Hà Nam
Thị xã Bình Minh,Vĩnh Long
Huyện Bình Sơn,Quảng Ngãi
Quận Bình Tân,TP Hồ Chí Minh
Huyện Bình Tân,Vĩnh Long
Quận Bình Thạnh,TP Hồ Chí Minh
Quận Bình Thủy,Cần Thơ
Huyện Bình Xuyên,Vĩnh Phúc
Huyện Bố Trạch,Quảng Bình
Huyện Bù Đăng,Bình Phước
Huyện Bù Đốp,Bình Phước
Huyện Bù Gia Mập,Bình Phước
Huyện Buôn Đôn,Đắk Lắk
Thị xã Buôn Hồ,Đắk Lắk
Thành phố Buôn Ma Thuột,Đắk Lắk
Thành phố Cà Mau,Cà Mau
Huyện Cai Lậy,Tiền Giang
Thị xã Cai Lậy,Tiền Giang
Huyện Cái Bè,Tiền Giang
Huyện Cái Nước,Cà Mau
Quận Cái Răng,Cần Thơ
Huyện Cam Lâm,Khánh Hòa
Huyện Cam Lộ,Quảng Trị
Thành phố Cam Ranh,Khánh Hòa
Huyện Can Lộc,Hà Tĩnh
Huyện Càng Long,Trà Vinh
Thành phố Cao Bằng,Cao Bằng
Thành phố Cao Lãnh,Đồng Tháp
Huyện Cao Lãnh,Đồng Tháp
Huyện Cao Lộc,Lạng Sơn
Huyện Cao Phong,Hoà Bình
Huyện Cát Hải,Hải Phòng
Huyện Cát Tiên,Lâm Đồng
Huyện Cẩm Giàng,Hải Dương
Huyện Cẩm Khê,Phú Thọ
Quận Cẩm Lệ,Đà Nẵng
Huyện Cẩm Mỹ,Đồng Nai
Thành phố Cẩm Phả,Quảng Ninh
Huyện Cẩm Thủy,Thanh Hóa
Huyện Cẩm Xuyên,Hà Tĩnh
Huyện Cần Đước,Long An
Huyện Cần Giờ,TP Hồ Chí Minh
Huyện Cần Giuộc,Long An
Quận Cầu Giấy,Hà Nội
Huyện Cầu Kè,Trà Vinh
Huyện Cầu Ngang,Trà Vinh
Thành phố Châu Đốc,An Giang
Huyện Châu Đức,Bà Rịa - Vũng Tàu
Huyện Châu Phú,An Giang
Huyện Châu Thành,An Giang
Huyện Châu Thành,Bến Tre
Huyện Châu Thành,Đồng Tháp
Huyện Châu Thành,Hậu Giang
Huyện Châu Thành,Kiên Giang
Huyện Châu Thành,Long An
Huyện Châu Thành,Sóc Trăng
Huyện Châu Thành,Tây Ninh
Huyện Châu Thành,Tiền Giang
Huyện Châu Thành,Trà Vinh
Huyện Châu Thành A,Hậu Giang
Huyện Chi Lăng,Lạng Sơn
Thị xã Chí Linh,Hải Dương
Huyện Chiêm Hóa,Tuyên Quang
Huyện Chợ Đồn,Bắc Kạn
Huyện Chợ Gạo,Tiền Giang
Huyện Chợ Lách,Bến Tre
Huyện Chợ Mới,Bắc Kạn
Huyện Chợ Mới,An Giang
Huyện Chơn Thành,Bình Phước
Huyện Chư Păh,Gia Lai
Huyện Chư Prông,Gia Lai
Huyện Chư Pưh,Gia Lai
Huyện Chư Sê,Gia Lai
Huyện Chương Mỹ,Hà Nội
Huyện Con Cuông,Nghệ An
Huyện Cô Tô,Quảng Ninh
Huyện Côn Đảo,Bà Rịa - Vũng Tàu
Huyện Cồn Cỏ,Quảng Trị
Huyện Cờ Đỏ,Cần Thơ
Huyện Cù Lao Dung,Sóc Trăng
Huyện Củ Chi,TP Hồ Chí Minh
Huyện Cư Kuin,Đắk Lắk
Huyện Cư Jút,Đắk Nông
Huyện Cư M'gar,Đắk Lắk
Thị xã Cửa Lò,Nghệ An
Huyện Dầu Tiếng,Bình Dương
Huyện Di Linh,Lâm Đồng
Thị xã Dĩ An,Bình Dương
Huyện Diên Khánh,Khánh Hòa
Huyện Diễn Châu,Nghệ An
Huyện Duy Tiên,Hà Nam
Huyện Duy Xuyên,Quảng Nam
Thị xã Duyên Hải,Trà Vinh
Huyện Duyên Hải,Trà Vinh
Quận Dương Kinh,Hải Phòng
Huyện Dương Minh Châu,Tây Ninh
Huyện Đa Krông,Quảng Trị
Huyện Đà Bắc,Hoà Bình
Thành phố Đà Lạt,Lâm Đồng
Huyện Đạ Huoai,Lâm Đồng
Huyện Đạ Tẻh,Lâm Đồng
Huyện Đại Lộc,Quảng Nam
Huyện Đại Từ,Thái Nguyên
Huyện Đắk Đoa,Gia Lai
Huyện Đak Pơ,Gia Lai
Huyện Đan Phượng,Hà Nội
Huyện Đắk Glei,Kon Tum
Huyện Đắk Glong,Đắk Nông
Huyện Đắk Hà,Kon Tum
Huyện Đắk Mil,Đắk Nông
Huyện Đắk R'lấp,Đắk Nông
Huyện Đăk Song,Đắk Nông
Huyện Đăk Tô,Kon Tum
Huyện Đầm Dơi,Cà Mau
Huyện Đầm Hà,Quảng Ninh
Huyện Đam Rông,Lâm Đồng
Huyện Đất Đỏ,Bà Rịa - Vũng Tàu
Thị xã Điện Bàn,Quảng Nam
Huyện Điện Biên,Điện Biên
Huyện Điện Biên Đông,Điện Biên
Thành phố Điện Biên Phủ,Điện Biên
Huyện Đình Lập,Lạng Sơn
Huyện Định Hóa,Thái Nguyên
Huyện Định Quán,Đồng Nai
Huyện Đoan Hùng,Phú Thọ
Huyện Đô Lương,Nghệ An
Quận Đồ Sơn,Hải Phòng
Huyện Đông Anh,Hà Nội
Huyện Đông Giang,Quảng Nam
Thành phố Đông Hà,Quảng Trị
Huyện Đông Hải,Bạc Liêu
Huyện Đông Hòa,Phú Yên
Huyện Đông Hưng,Thái Bình
Huyện Đông Sơn,Thanh Hóa
Thị xã Đông Triều,Quảng Ninh
Thành phố Đồng Hới,Quảng Bình
Huyện Đồng Hỷ,Thái Nguyên
Huyện Đồng Phú,Bình Phước
Huyện Đồng Văn,Hà Giang
Thị xã Đồng Xoài,Bình Phước
Huyện Đồng Xuân,Phú Yên
Quận Đống Đa,Hà Nội
Huyện Đơn Dương,Lâm Đồng
Huyện Đức Cơ,Gia Lai
Huyện Đức Hòa,Long An
Huyện Đức Huệ,Long An
Huyện Đức Linh,Bình Thuận
Huyện Đức Phổ,Quảng Ngãi
Huyện Đức Thọ,Hà Tĩnh
Huyện Đức Trọng,Lâm Đồng
Huyện Ea H'leo,Đắk Lắk
Huyện Ea Kar,Đắk Lắk
Huyện Ea Súp,Đắk Lắk
Huyện Gia Bình,Bắc Ninh
Huyện Gia Lâm,Hà Nội
Huyện Gia Lộc,Hải Dương
Thị xã Gia Nghĩa,Đắk Nông
Huyện Gia Viễn,Ninh Bình
Thị xã Giá Rai,Bạc Liêu
Huyện Giang Thành,Kiên Giang
Huyện Giao Thủy,Nam Định
Huyện Gio Linh,Quảng Trị
Huyện Giồng Riềng,Kiên Giang
Huyện Giồng Trôm,Bến Tre
Thị xã Gò Công,Tiền Giang
Huyện Gò Công Đông,Tiền Giang
Huyện Gò Công Tây,Tiền Giang
Huyện Gò Dầu,Tây Ninh
Huyện Gò Quao,Kiên Giang
Quận Gò Vấp,TP Hồ Chí Minh
Quận Hà Đông,Hà Nội
Thành phố Hà Giang,Hà Giang
Huyện Hà Quảng,Cao Bằng
Thị xã Hà Tiên,Kiên Giang
Thành phố Hà Tĩnh,Hà Tĩnh
Huyện Hà Trung,Thanh Hóa
Huyện Hạ Hòa,Phú Thọ
Huyện Hạ Lang,Cao Bằng
Thành phố Hạ Long,Quảng Ninh
Quận Hai Bà Trưng,Hà Nội
Quận Hải An,Hải Phòng
Quận Hải Châu,Đà Nẵng
Thành phố Hải Dương,Hải Dương
Huyện Hải Hà,Quảng Ninh
Huyện Hải Hậu,Nam Định
Huyện Hải Lăng,Quảng Trị
Huyện Hàm Tân,Bình Thuận
Huyện Hàm Thuận Bắc,Bình Thuận
Huyện Hàm Thuận Nam,Bình Thuận
Huyện Hàm Yên,Tuyên Quang
Huyện Hậu Lộc,Thanh Hóa
Huyện Hiệp Đức,Quảng Nam
Huyện Hiệp Hòa,Bắc Giang
Huyện Hoa Lư,Ninh Bình
Huyện Hòa An,Cao Bằng
Huyện Hoà Bình,Bạc Liêu
Thành phố Hoà Bình,Hoà Bình
Huyện Hòa Thành,Tây Ninh
Huyện Hòa Vang,Đà Nẵng
Huyện Hoài Ân,Bình Định
Huyện Hoài Đức,Hà Nội
Thị xã Hoài Nhơn,Bình Định
Quận Hoàn Kiếm,Hà Nội
Quận Hoàng Mai,Hà Nội
Thị xã Hoàng Mai,Nghệ An
Huyện Hoàng Sa,Đà Nẵng
Huyện Hoàng Su Phì,Hà Giang
Huyện Hoành Bồ,Quảng Ninh
Huyện Hoằng Hóa,Thanh Hóa
Huyện Hóc Môn,TP Hồ Chí Minh
Huyện Hòn Đất,Kiên Giang
Huyện Hớn Quản,Bình Phước
Thành phố Hội An,Quảng Nam
Quận Hồng Bàng,Hải Phòng
Huyện Hồng Dân,Bạc Liêu
Thị xã Hồng Lĩnh,Hà Tĩnh
Huyện Hồng Ngự,Đồng Tháp
Thị xã Hồng Ngự,Đồng Tháp
Thành phố Huế,Thừa Thiên - Huế
Huyện Hưng Hà,Thái Bình
Huyện Hưng Nguyên,Nghệ An
Thành phố Hưng Yên,Hưng Yên
Huyện Hương Khê,Hà Tĩnh
Huyện Hương Sơn,Hà Tĩnh
Thị xã Hương Thủy,Thừa Thiên - Huế
Thị xã Hương Trà,Thừa Thiên - Huế
Huyện Hướng Hóa,Quảng Trị
Huyện Hữu Lũng,Lạng Sơn
Huyện Ia Grai,Gia Lai
Huyện Ia H'Drai,Kon Tum
Huyện Ia Pa,Gia Lai
Huyện KBang,Gia Lai
Huyện Kế Sách,Sóc Trăng
Huyện Khánh Sơn,Khánh Hòa
Huyện Khánh Vĩnh,Khánh Hòa
Huyện Khoái Châu,Hưng Yên
Huyện Kiên Hải,Kiên Giang
Huyện Kiên Lương,Kiên Giang
Quận Kiến An,Hải Phòng
Huyện Kiến Thụy,Hải Phòng
Huyện Kiến Xương,Thái Bình
Thị xã Kiến Tường,Long An
Huyện Kim Bảng,Hà Nam
Huyện Kim Bôi,Hoà Bình
Huyện Kim Động,Hưng Yên
Huyện Kim Sơn,Ninh Bình
Huyện Kim Thành,Hải Dương
Huyện Kinh Môn,Hải Dương
Huyện Kon Plông,Kon Tum
Huyện Kon Rẫy,Kon Tum
Thành phố Kon Tum,Kon Tum
Huyện Kông Chro,Gia Lai
Huyện Krông Ana,Đắk Lắk
Huyện Krông Bông,Đắk Lắk
Huyện Krông Búk,Đắk Lắk
Huyện Krông Năng,Đắk Lắk
Huyện Krông Nô,Đắk Nông
Huyện Krông Pa,Gia Lai
Huyện Krông Pắk,Đắk Lắk
Huyện Kỳ Anh,Hà Tĩnh
Thị xã Kỳ Anh,Hà Tĩnh
Huyện Kỳ Sơn,Hoà Bình
Huyện Kỳ Sơn,Nghệ An
Thị xã La Gi,Bình Thuận
Huyện Lạc Dương,Lâm Đồng
Huyện Lạc Sơn,Hoà Bình
Huyện Lạc Thủy,Hoà Bình
Thành phố Lai Châu,Lai Châu
Huyện Lai Vung,Đồng Tháp
Huyện Lang Chánh,Thanh Hóa
Huyện Lạng Giang,Bắc Giang
Thành phố Lạng Sơn,Lạng Sơn
Thành phố Lào Cai,Lào Cai
Huyện Lắk,Đắk Lắk
Huyện Lâm Bình,Tuyên Quang
Huyện Lâm Hà,Lâm Đồng
Huyện Lâm Thao,Phú Thọ
Huyện Lấp Vò,Đồng Tháp
Huyện Lập Thạch,Vĩnh Phúc
Quận Lê Chân,Hải Phòng
Huyện Lệ Thủy,Quảng Bình
Quận Liên Chiểu,Đà Nẵng
Quận Long Biên,Hà Nội
Huyện Long Điền,Bà Rịa - Vũng Tàu
Huyện Long Hồ,Vĩnh Long
Thị xã Long Khánh,Đồng Nai
Thị xã Long Mỹ,Hậu Giang
Huyện Long Mỹ,Hậu Giang
Huyện Long Phú,Sóc Trăng
Huyện Long Thành,Đồng Nai
Thành phố Long Xuyên,An Giang
Huyện Lộc Bình,Lạng Sơn
Huyện Lộc Hà,Hà Tĩnh
Huyện Lộc Ninh,Bình Phước
Huyện Lục Nam,Bắc Giang
Huyện Lục Ngạn,Bắc Giang
Huyện Lục Yên,Yên Bái
Huyện Lương Sơn,Hoà Bình
Huyện Lương Tài,Bắc Ninh
Huyện Lý Nhân,Hà Nam
Huyện Lý Sơn,Quảng Ngãi
Huyện Mai Châu,Hoà Bình
Huyện Mai Sơn,Sơn La
Huyện Mang Thít,Vĩnh Long
Huyện Mang Yang,Gia Lai
Huyện M'Đrăk,Đắk Lắk
Huyện Mèo Vạc,Hà Giang
Huyện Mê Linh,Hà Nội
Huyện Minh Hóa,Quảng Bình
Huyện Minh Long,Quảng Ngãi
Huyện Mỏ Cày Bắc,Bến Tre
Huyện Mỏ Cày Nam,Bến Tre
Thành phố Móng Cái,Quảng Ninh
Huyện Mộ Đức,Quảng Ngãi
Huyện Mộc Châu,Sơn La
Huyện Mộc Hóa,Long An
Huyện Mù Căng Chải,Yên Bái
Huyện Mường Ảng,Điện Biên
Huyện Mường Chà,Điện Biên
Huyện Mường Khương,Lào Cai
Huyện Mường La,Sơn La
Huyện Mường Lát,Thanh Hóa
Thị xã Mường Lay,Điện Biên
Huyện Mường Nhé,Điện Biên
Huyện Mường Tè,Lai Châu
Huyện Mỹ Đức,Hà Nội
Huyện Mỹ Hào,Hưng Yên
Huyện Mỹ Lộc,Nam Định
Thành phố Mỹ Tho,Tiền Giang
Huyện Mỹ Tú,Sóc Trăng
Huyện Mỹ Xuyên,Sóc Trăng
Huyện Na Hang,Tuyên Quang
Huyện Na Rì,Bắc Kạn
Huyện Nam Đàn,Nghệ An
Thành phố Nam Định,Nam Định
Huyện Nam Đông,Thừa Thiên - Huế
Huyện Nam Giang,Quảng Nam
Huyện Nam Sách,Hải Dương
Huyện Nam Trà My,Quảng Nam
Huyện Nam Trực,Nam Định
Quận Nam Từ Liêm,Hà Nội
Huyện Năm Căn,Cà Mau
Huyện Nậm Pồ,Điện Biên
Huyện Nậm Nhùn,Lai Châu
Huyện Nga Sơn,Thanh Hóa
Thị xã Ngã Bảy,Hậu Giang
Thị xã Ngã Năm,Sóc Trăng
Huyện Ngân Sơn,Bắc Kạn
Huyện Nghi Lộc,Nghệ An
Huyện Nghi Xuân,Hà Tĩnh
Huyện Nghĩa Đàn,Nghệ An
Huyện Nghĩa Hành,Quảng Ngãi
Huyện Nghĩa Hưng,Nam Định
Thị xã Nghĩa Lộ,Yên Bái
Huyện Ngọc Hiển,Cà Mau
Huyện Ngọc Hồi,Kon Tum
Huyện Ngọc Lặc,Thanh Hóa
Quận Ngô Quyền,Hải Phòng
Quận Ngũ Hành Sơn,Đà Nẵng
Huyện Nguyên Bình,Cao Bằng
Thành phố Nha Trang,Khánh Hòa
Huyện Nhà Bè,TP Hồ Chí Minh
Huyện Nho Quan,Ninh Bình
Huyện Nhơn Trạch,Đồng Nai
Huyện Như Thanh,Thanh Hóa
Huyện Như Xuân,Thanh Hóa
Thành phố Ninh Bình,Ninh Bình
Huyện Ninh Giang,Hải Dương
Huyện Ninh Hải,Ninh Thuận
Thị xã Ninh Hòa,Khánh Hòa
Quận Ninh Kiều,Cần Thơ
Huyện Ninh Phước,Ninh Thuận
Huyện Ninh Sơn,Ninh Thuận
Huyện Nông Cống,Thanh Hóa
Huyện Nông Sơn,Quảng Nam
Huyện Núi Thành,Quảng Nam
Quận Ô Môn,Cần Thơ
Huyện Pác Nặm,Bắc Kạn
Thành phố Phan Rang-Tháp Chàm,Ninh Thuận
Thành phố Phan Thiết,Bình Thuận
Huyện Phong Điền,Thừa Thiên - Huế
Huyện Phong Điền,Cần Thơ
Huyện Phong Thổ,Lai Châu
Thị xã Phổ Yên,Thái Nguyên
Huyện Phú Bình,Thái Nguyên
Huyện Phú Giáo,Bình Dương
Huyện Phú Hòa,Phú Yên
Huyện Phú Lộc,Thừa Thiên - Huế
Huyện Phú Lương,Thái Nguyên
Quận Phú Nhuận,TP Hồ Chí Minh
Huyện Phú Ninh,Quảng Nam
Huyện Phú Quý,Bình Thuận
Huyện Phú Quốc,Kiên Giang
Huyện Phú Riềng,Bình Phước
Huyện Phú Tân,An Giang
Huyện Phú Tân,Cà Mau
Huyện Phú Thiện,Gia Lai
Thị xã Phú Thọ,Phú Thọ
Huyện Phú Vang,Thừa Thiên - Huế
Huyện Phú Xuyên,Hà Nội
Huyện Phù Cát,Bình Định
Huyện Phù Cừ,Hưng Yên
Huyện Phù Mỹ,Bình Định
Huyện Phù Ninh,Phú Thọ
Huyện Phù Yên,Sơn La
Thành phố Phủ Lý,Hà Nam
Huyện Phúc Thọ,Hà Nội
Thị xã Phúc Yên,Vĩnh Phúc
Huyện Phục Hòa,Cao Bằng
Huyện Phụng Hiệp,Hậu Giang
Thị xã Phước Long,Bình Phước
Huyện Phước Long,Bạc Liêu
Huyện Phước Sơn,Quảng Nam
Thành phố Pleiku,Gia Lai
Huyện Quan Hóa,Thanh Hóa
Huyện Quan Sơn,Thanh Hóa
Huyện Quản Bạ,Hà Giang
Huyện Quang Bình,Hà Giang
Huyện Quảng Điền,Thừa Thiên - Huế
Thành phố Quảng Ngãi,Quảng Ngãi
Huyện Quảng Ninh,Quảng Bình
Huyện Quảng Trạch,Quảng Bình
Thị xã Quảng Trị,Quảng Trị
Thị xã Quảng Yên,Quảng Ninh
Huyện Quảng Uyên,Cao Bằng
Huyện Quảng Xương,Thanh Hóa
Quận Quận 1,TP Hồ Chí Minh
Quận Quận 2,TP Hồ Chí Minh
Quận Quận 3,TP Hồ Chí Minh
Quận Quận 4,TP Hồ Chí Minh
Quận Quận 5,TP Hồ Chí Minh
Quận Quận 6,TP Hồ Chí Minh
Quận Quận 7,TP Hồ Chí Minh
Quận Quận 8,TP Hồ Chí Minh
Quận Quận 9,TP Hồ Chí Minh
Quận Quận 10,TP Hồ Chí Minh
Quận Quận 11,TP Hồ Chí Minh
Quận Quận 12,TP Hồ Chí Minh
Huyện Quế Phong,Nghệ An
Huyện Quế Sơn,Quảng Nam
Huyện Quế Võ,Bắc Ninh
Thành phố Quy Nhơn,Bình Định
Huyện Quốc Oai,Hà Nội
Huyện Quỳ Châu,Nghệ An
Huyện Quỳ Hợp,Nghệ An
Huyện Quỳnh Lưu,Nghệ An
Huyện Quỳnh Nhai,Sơn La
Huyện Quỳnh Phụ,Thái Bình
Thành phố Rạch Giá,Kiên Giang
Thành phố Sa Đéc,Đồng Tháp
Huyện Sa Pa,Lào Cai
Huyện Sa Thầy,Kon Tum
Thị xã Sầm Sơn,Thanh Hóa
Huyện Si Ma Cai,Lào Cai
Huyện Sìn Hồ,Lai Châu
Huyện Sóc Sơn,Hà Nội
Thành phố Sóc Trăng,Sóc Trăng
Thị xã Sông Cầu,Phú Yên
Thành phố Sông Công,Thái Nguyên
Huyện Sông Hinh,Phú Yên
Huyện Sông Lô,Vĩnh Phúc
Huyện Sông Mã,Sơn La
Huyện Sốp Cộp,Sơn La
Huyện Sơn Động,Bắc Giang
Huyện Sơn Dương,Tuyên Quang
Huyện Sơn Hà,Quảng Ngãi
Huyện Sơn Hòa,Phú Yên
Thành phố Sơn La,Sơn La
Thị xã Sơn Tây,Hà Nội
Huyện Sơn Tây,Quảng Ngãi
Huyện Sơn Tịnh,Quảng Ngãi
Quận Sơn Trà,Đà Nẵng
Huyện Tam Bình,Vĩnh Long
Huyện Tam Dương,Vĩnh Phúc
Huyện Tam Đảo,Vĩnh Phúc
Thành phố Tam Điệp,Ninh Bình
Huyện Tam Đường,Lai Châu
Thành phố Tam Kỳ,Quảng Nam
Huyện Tam Nông,Đồng Tháp
Huyện Tam Nông,Phú Thọ
Huyện Tánh Linh,Bình Thuận
Thành phố Tân An,Long An
Huyện Tân Biên,Tây Ninh
Quận Tân Bình,TP Hồ Chí Minh
Thị xã Tân Châu,An Giang
Huyện Tân Châu,Tây Ninh
Huyện Tân Hiệp,Kiên Giang
Huyện Tân Hồng,Đồng Tháp
Huyện Tân Hưng,Long An
Huyện Tân Kỳ,Nghệ An
Huyện Tân Lạc,Hoà Bình
Huyện Tân Phú,Đồng Nai
Quận Tân Phú,TP Hồ Chí Minh
Huyện Tân Phú Đông,Tiền Giang
Huyện Tân Phước,Tiền Giang
Huyện Tân Sơn,Phú Thọ
Huyện Tân Thành,Bà Rịa - Vũng Tàu
Huyện Tân Thạnh,Long An
Huyện Tân Trụ,Long An
Thị xã Tân Uyên,Bình Dương
Huyện Tân Uyên,Lai Châu
Huyện Tân Yên,Bắc Giang
Huyện Tây Giang,Quảng Nam
Huyện Tây Hòa,Phú Yên
Quận Tây Hồ,Hà Nội
Thành phố Tây Ninh,Tây Ninh
Huyện Tây Sơn,Bình Định
Huyện Tây Trà,Quảng Ngãi
Huyện Thạch An,Cao Bằng
Huyện Thạch Hà,Hà Tĩnh
Huyện Thạch Thành,Thanh Hóa
Huyện Thạch Thất,Hà Nội
Thành phố Thái Bình,Thái Bình
Thị xã Thái Hòa,Nghệ An
Thành phố Thái Nguyên,Thái Nguyên
Huyện Thái Thụy,Thái Bình
Huyện Than Uyên,Lai Châu
Huyện Thanh Ba,Phú Thọ
Huyện Thanh Bình,Đồng Tháp
Huyện Thanh Chương,Nghệ An
Huyện Thanh Hà,Hải Dương
Thành phố Thanh Hóa,Thanh Hóa
Quận Thanh Khê,Đà Nẵng
Huyện Thanh Liêm,Hà Nam
Huyện Thanh Miện,Hải Dương
Huyện Thanh Oai,Hà Nội
Huyện Thanh Sơn,Phú Thọ
Huyện Thanh Thủy,Phú Thọ
Huyện Thanh Trì,Hà Nội
Quận Thanh Xuân,Hà Nội
Huyện Thạnh Hóa,Long An
Huyện Thạnh Phú,Bến Tre
Huyện Thạnh Trị,Sóc Trăng
Huyện Tháp Mười,Đồng Tháp
Huyện Thăng Bình,Quảng Nam
Huyện Thiệu Hóa,Thanh Hóa
Huyện Thọ Xuân,Thanh Hóa
Huyện Thoại Sơn,An Giang
Huyện Thông Nông,Cao Bằng
Huyện Thống Nhất,Đồng Nai
Quận Thốt Nốt,Cần Thơ
Huyện Thới Bình,Cà Mau
Huyện Thới Lai,Cần Thơ
Thành phố Thủ Dầu Một,Bình Dương
Quận Thủ Đức,TP Hồ Chí Minh
Huyện Thủ Thừa,Long An
Thị xã Thuận An,Bình Dương
Huyện Thuận Bắc,Ninh Thuận
Huyện Thuận Châu,Sơn La
Huyện Thuận Nam,Ninh Thuận
Huyện Thuận Thành,Bắc Ninh
Huyện Thuỷ Nguyên,Hải Phòng
Huyện Thường Tín,Hà Nội
Huyện Thường Xuân,Thanh Hóa
Huyện Tiên Du,Bắc Ninh
Huyện Tiền Hải,Thái Bình
Huyện Tiên Lãng,Hải Phòng
Huyện Tiên Lữ,Hưng Yên
Huyện Tiên Phước,Quảng Nam
Huyện Tiên Yên,Quảng Ninh
Huyện Tiểu Cần,Trà Vinh
Huyện Tĩnh Gia,Thanh Hóa
Huyện Tịnh Biên,An Giang
Huyện Trà Bồng,Quảng Ngãi
Huyện Trà Cú,Trà Vinh
Huyện Trà Lĩnh,Cao Bằng
Huyện Trà Ôn,Vĩnh Long
Thành phố Trà Vinh,Trà Vinh
Huyện Trạm Tấu,Yên Bái
Huyện Tràng Định,Lạng Sơn
Huyện Trảng Bàng,Tây Ninh
Huyện Trảng Bom,Đồng Nai
Huyện Trấn Yên,Yên Bái
Huyện Trần Đề,Sóc Trăng
Huyện Trần Văn Thời,Cà Mau
Huyện Tri Tôn,An Giang
Huyện Triệu Phong,Quảng Trị
Huyện Triệu Sơn,Thanh Hóa
Huyện Trùng Khánh,Cao Bằng
Huyện Trực Ninh,Nam Định
Huyện Trường Sa,Khánh Hòa
Huyện Tủa Chùa,Điện Biên
Huyện Tuần Giáo,Điện Biên
Huyện Tu Mơ Rông,Kon Tum
Huyện Tuy An,Phú Yên
Huyện Tuy Đức,Đắk Nông
Thành phố Tuy Hòa,Phú Yên
Huyện Tuy Phong,Bình Thuận
Huyện Tuy Phước,Bình Định
Huyện Tuyên Hóa,Quảng Bình
Thành phố Tuyên Quang,Tuyên Quang
Huyện Tư Nghĩa,Quảng Ngãi
Huyện Tứ Kỳ,Hải Dương
Thị xã Từ Sơn,Bắc Ninh
Huyện Tương Dương,Nghệ An
Huyện U Minh,Cà Mau
Huyện U Minh Thượng,Kiên Giang
Thành phố Uông Bí,Quảng Ninh
Huyện Ứng Hòa,Hà Nội
Huyện Vạn Ninh,Khánh Hòa
Huyện Văn Bàn,Lào Cai
Huyện Văn Chấn,Yên Bái
Huyện Văn Giang,Hưng Yên
Huyện Vãn Lãng,Lạng Sơn
Huyện Văn Lâm,Hưng Yên
Huyện Văn Quan,Lạng Sơn
Huyện Văn Yên,Yên Bái
Huyện Vân Canh,Bình Định
Huyện Vân Đồn,Quảng Ninh
Huyện Vân Hồ,Sơn La
Thành phố Vị Thanh,Hậu Giang
Huyện Vị Thủy,Hậu Giang
Huyện Vị Xuyên,Hà Giang
Thành phố Việt Trì,Phú Thọ
Huyện Việt Yên,Bắc Giang
Thành phố Vinh,Nghệ An
Huyện Vĩnh Bảo,Hải Phòng
Thị xã Vĩnh Châu,Sóc Trăng
Huyện Vĩnh Cửu,Đồng Nai
Huyện Vĩnh Hưng,Long An
Huyện Vĩnh Linh,Quảng Trị
Thành phố Vĩnh Long,Vĩnh Long
Huyện Vĩnh Lộc,Thanh Hóa
Huyện Vĩnh Lợi,Bạc Liêu
Huyện Vĩnh Thạnh,Bình Định
Huyện Vĩnh Thạnh,Cần Thơ
Huyện Vĩnh Thuận,Kiên Giang
Huyện Vĩnh Tường,Vĩnh Phúc
Thành phố Vĩnh Yên,Vĩnh Phúc
Huyện Võ Nhai,Thái Nguyên
Huyện Vũ Quang,Hà Tĩnh
Huyện Vũ Thư,Thái Bình
Huyện Vụ Bản,Nam Định
Huyện Vũng Liêm,Vĩnh Long
Thành phố Vũng Tàu,Bà Rịa - Vũng Tàu
Huyện Xín Mần,Hà Giang
Huyện Xuân Lộc,Đồng Nai
Huyện Xuân Trường,Nam Định
Huyện Xuyên Mộc,Bà Rịa - Vũng Tàu
Huyện Ý Yên,Nam Định
Thành phố Yên Bái,Yên Bái
Huyện Yên Bình,Yên Bái
Huyện Yên Châu,Sơn La
Huyện Yên Dũng,Bắc Giang
Huyện Yên Định,Thanh Hóa
Huyện Yên Khánh,Ninh Bình
Huyện Yên Lạc,Vĩnh Phúc
Huyện Yên Lập,Phú Thọ
Huyện Yên Minh,Hà Giang
Huyện Yên Mô,Ninh Bình
Huyện Yên Mỹ,Hưng Yên
Huyện Yên Phong,Bắc Ninh
Huyện Yên Sơn,Tuyên Quang
Huyện Yên Thành,Nghệ An
Huyện Yên Thế,Bắc Giang
Huyện Yên Thủy,Hoà Bình
